startTime,weighingStartTime,weighingEndTime,checkoutStartTime,checkoutEndTime,totalTime
0.0,1271.5727236688779,1271.5727236688779,1470.7815185624434,1470.7815185624434,1470.7815185624434
33.3179831945858,1297.2745033043443,1470.7815185624434,1715.3702891472678,1715.3702891472678,1682.052305952682
3.7621016028256564,1470.7815185624434,1715.3702891472678,1866.4947498664555,1866.4947498664555,1862.73264826363
14.458914052887831,1715.3702891472678,1866.4947498664555,2043.0692196658729,2043.0692196658729,2028.610305612985
46.52353717845566,1866.4947498664555,2043.0692196658729,2244.170933107064,2244.170933107064,2197.647395928608
46.91684177672348,2043.0692196658729,2244.170933107064,2401.154575039247,2401.154575039247,2354.2377332625233
109.26455271742188,2244.170933107064,2401.154575039247,2638.0936947128675,2638.0936947128675,2528.8291419954458
108.07668620759115,2401.154575039247,2638.0936947128675,2737.0577059422476,2737.0577059422476,2628.9810197346565
110.69536922360591,2638.0936947128675,2737.0577059422476,2832.620586789472,2832.620586789472,2721.9252175658658
108.52032930866775,2737.0577059422476,2832.620586789472,3096.3931866531825,3096.3931866531825,2987.8728573445146
121.77592857095975,2832.620586789472,3096.3931866531825,3295.3902492114776,3295.3902492114776,3173.6143206405177
134.45919336365097,3096.3931866531825,3295.3902492114776,3406.095719195293,3406.095719195293,3271.636525831642
157.31013126347003,3295.3902492114776,3406.095719195293,3497.0121972128377,3497.0121972128377,3339.702065949368
149.14697189222812,3406.095719195293,3497.0121972128377,3546.364336216445,3546.364336216445,3397.2173643242168
109.91555728353629,3497.0121972128377,3546.364336216445,3750.6063779828864,3750.6063779828864,3640.6908206993503
183.1635174873428,3546.364336216445,3750.6063779828864,3948.2596706688378,3948.2596706688378,3765.096153181495
191.27968242095926,3750.6063779828864,3948.2596706688378,4122.408604961813,4122.408604961813,3931.1289225408536
186.29154618381378,3948.2596706688378,4122.408604961813,4284.550176563144,4284.550176563144,4098.2586303793305
225.18507823622787,4122.408604961813,4284.550176563144,4555.201395803543,4555.201395803543,4330.016317567315
248.79879123823667,4284.550176563144,4555.201395803543,4718.314947503723,4718.314947503723,4469.516156265486
255.76537181463672,4555.201395803543,4718.314947503723,4960.20526054457,4960.20526054457,4704.439888729933
213.5171576594494,4718.314947503723,4960.20526054457,5127.117590348614,5127.117590348614,4913.600432689164
253.16581066677497,4960.20526054457,5127.117590348614,5333.452019708945,5333.452019708945,5080.28620904217
327.05989453275856,5127.117590348614,5333.452019708945,5459.501538406924,5459.501538406924,5132.4416438741655
330.6087156871347,5333.452019708945,5459.501538406924,5643.560627112007,5643.560627112007,5312.951911424872
354.02993591543446,5459.501538406924,5643.560627112007,5764.567041365009,5764.567041365009,5410.5371054495745
370.08787626852865,5643.560627112007,5764.567041365009,5970.140158335476,5970.140158335476,5600.052282066948
362.7944360779322,5764.567041365009,5970.140158335476,6222.422589721562,6222.422589721562,5859.62815364363
376.68474744079424,5970.140158335476,6222.422589721562,6366.284183033728,6366.284183033728,5989.599435592934
401.37825242165513,6222.422589721562,6366.284183033728,6598.272512697082,6598.272512697082,6196.894260275427
319.28490944195664,6366.284183033728,6598.272512697082,6777.591527677046,6777.591527677046,6458.3066182350885
395.7067528424304,6598.272512697082,6777.591527677046,7005.6381271162345,7005.6381271162345,6609.931374273804
421.64606047488786,6777.591527677046,7005.6381271162345,7169.9820432465385,7169.9820432465385,6748.33598277165
476.1136946836795,7005.6381271162345,7169.9820432465385,7397.714515297269,7397.714515297269,6921.600820613589
518.7346408025612,7169.9820432465385,7397.714515297269,7668.407631332207,7668.407631332207,7149.672990529645
526.1200540562376,7397.714515297269,7668.407631332207,7781.822850151143,7781.822850151143,7255.702796094905
498.0266770148451,7668.407631332207,7781.822850151143,7978.595265918707,7978.595265918707,7480.568588903861
526.4382269869288,7781.822850151143,7978.595265918707,8213.981630086982,8213.981630086982,7687.543403100053
554.4563153023053,7978.595265918707,8213.981630086982,8534.438650175369,8534.438650175369,7979.982334873063
582.8291244706968,8213.981630086982,8534.438650175369,8695.692015411309,8695.692015411309,8112.862890940612
543.295317554005,8534.438650175369,8695.692015411309,8867.421762597485,8867.421762597485,8324.126445043481
601.7013414659191,8695.692015411309,8867.421762597485,9057.996977341987,9057.996977341987,8456.295635876068
600.3017052930146,8867.421762597485,9057.996977341987,9353.08910857527,9353.08910857527,8752.787403282255
572.7573592884726,9057.996977341987,9353.08910857527,9491.92759214645,9491.92759214645,8919.170232857978
677.6574111605893,9353.08910857527,9491.92759214645,9696.313635052627,9696.313635052627,9018.656223892038
652.1981421522031,9491.92759214645,9696.313635052627,9795.408317101927,9795.408317101927,9143.210174949723
682.7811692245841,9696.313635052627,9795.408317101927,10015.698786536785,10015.698786536785,9332.9176173122
647.1238817259765,9795.408317101927,10015.698786536785,10218.284923954927,10218.284923954927,9571.16104222895
722.8988989339114,10015.698786536785,10218.284923954927,10378.185060488437,10378.185060488437,9655.286161554526
701.8864503093131,10218.284923954927,10378.185060488437,10672.843866822353,10672.843866822353,9970.95741651304
640.8405829111275,10378.185060488437,10672.843866822353,10865.76314890317,10865.76314890317,10224.922565992043
682.9707858597723,10672.843866822353,10865.76314890317,11061.881822607924,11061.881822607924,10378.911036748152
754.067912803664,10865.76314890317,11061.881822607924,11096.661897129026,11096.661897129026,10342.593984325362
745.8367555579324,11061.881822607924,11096.661897129026,11159.124012083366,11159.124012083366,10413.287256525435
713.667622580917,11096.661897129026,11159.124012083366,11401.00159086588,11401.00159086588,10687.333968284964
768.8771659003385,11159.124012083366,11401.00159086588,11565.969901478838,11565.969901478838,10797.0927355785
754.0556763442099,11401.00159086588,11565.969901478838,11649.382444667526,11649.382444667526,10895.326768323317
760.7418437545988,11565.969901478838,11649.382444667526,11905.899822775817,11905.899822775817,11145.157979021218
759.6046291019188,11649.382444667526,11905.899822775817,12101.587568886289,12101.587568886289,11341.98293978437
787.563496149003,11905.899822775817,12101.587568886289,12298.904864211074,12298.904864211074,11511.34136806207
777.4018773511598,12101.587568886289,12298.904864211074,12454.950098453306,12454.950098453306,11677.548221102146
805.6785012042839,12298.904864211074,12454.950098453306,12688.145337164437,12688.145337164437,11882.466835960153
736.072282933062,12454.950098453306,12688.145337164437,12856.633567157021,12856.633567157021,12120.561284223959
806.1382206232372,12688.145337164437,12856.633567157021,13034.478671156216,13034.478671156216,12228.340450532978
801.691742573977,12856.633567157021,13034.478671156216,13224.267724160787,13224.267724160787,12422.57598158681
869.4422738556177,13034.478671156216,13224.267724160787,13440.890628125375,13440.890628125375,12571.448354269756
866.6013057466222,13224.267724160787,13440.890628125375,13699.151269908809,13699.151269908809,12832.549964162186
860.2252065910207,13440.890628125375,13699.151269908809,13837.036190885754,13837.036190885754,12976.810984294734
824.8950153275525,13699.151269908809,13837.036190885754,13949.432156081504,13949.432156081504,13124.537140753951
873.7394146072738,13837.036190885754,13949.432156081504,14201.763896929075,14201.763896929075,13328.024482321802
909.1798733985511,13949.432156081504,14201.763896929075,14321.528948013356,14321.528948013356,13412.349074614805
912.1935086100793,14201.763896929075,14321.528948013356,14496.825822153603,14496.825822153603,13584.632313543523
853.169883517551,14321.528948013356,14496.825822153603,14621.906035065746,14621.906035065746,13768.736151548195
935.0652335874233,14496.825822153603,14621.906035065746,14818.76296817973,14818.76296817973,13883.697734592306
932.9202335264984,14621.906035065746,14818.76296817973,14977.833734983415,14977.833734983415,14044.913501456916
845.9729635416968,14818.76296817973,14977.833734983415,15150.699007022313,15150.699007022313,14304.726043480616
930.0921732703549,14977.833734983415,15150.699007022313,15308.733721605979,15308.733721605979,14378.641548335623
956.8256752966807,15150.699007022313,15308.733721605979,15497.668364334706,15497.668364334706,14540.842689038025
962.22813569929,15308.733721605979,15497.668364334706,15706.3683146883,15706.3683146883,14744.14017898901
930.2966676107372,15497.668364334706,15706.3683146883,15752.01893539438,15752.01893539438,14821.722267783643
1019.0782765318171,15706.3683146883,15752.01893539438,15835.806633847664,15835.806633847664,14816.728357315847
892.7777107206387,15752.01893539438,15835.806633847664,16054.968940588675,16054.968940588675,15162.191229868036
1024.600058884186,15835.806633847664,16054.968940588675,16312.514222999494,16312.514222999494,15287.91416411531
1043.44393578266,16054.968940588675,16312.514222999494,16539.362550919832,16539.362550919832,15495.918615137172
1044.9730651626398,16312.514222999494,16539.362550919832,16703.56156489518,16703.56156489518,15658.58849973254
1049.1330098887627,16539.362550919832,16703.56156489518,16776.083520130338,16776.083520130338,15726.950510241575
1053.0189957535606,16703.56156489518,16776.083520130338,16976.56407914281,16976.56407914281,15923.545083389248
1061.2668487683018,16776.083520130338,16976.56407914281,17231.43088120116,17231.43088120116,16170.164032432856
1090.198828838077,16976.56407914281,17231.43088120116,17375.853597454574,17375.853597454574,16285.654768616498
1083.7753602053097,17231.43088120116,17375.853597454574,17607.721651148706,17607.721651148706,16523.946290943397
1087.8755333331549,17375.853597454574,17607.721651148706,17759.94001997012,17759.94001997012,16672.064486636966
1061.1110676300325,17607.721651148706,17759.94001997012,17832.321760311606,17832.321760311606,16771.210692681572
1121.0759528235305,17759.94001997012,17832.321760311606,17981.631808085098,17981.631808085098,16860.555855261566
1129.8371141320886,17832.321760311606,17981.631808085098,18147.152002803323,18147.152002803323,17017.314888671233
1157.498138966987,17981.631808085098,18147.152002803323,18324.85921944339,18324.85921944339,17167.361080476403
1115.2803722487893,18147.152002803323,18324.85921944339,18424.822214537988,18424.822214537988,17309.5418422892
1206.1450683506016,18324.85921944339,18424.822214537988,18594.98816941868,18594.98816941868,17388.84310106808
1212.447426943115,18424.822214537988,18594.98816941868,18911.93571241073,18911.93571241073,17699.488285467614
1163.2899369591955,18594.98816941868,18911.93571241073,19034.023924031917,19034.023924031917,17870.733987072723
1243.8507004638147,18911.93571241073,19034.023924031917,19166.947881175365,19166.947881175365,17923.09718071155
1281.2445021538954,19034.023924031917,19166.947881175365,19343.99578214245,19343.99578214245,18062.751279988555
1296.0126816654943,19166.947881175365,19343.99578214245,19539.403818334085,19539.403818334085,18243.39113666859
1309.8752239167643,19343.99578214245,19539.403818334085,19781.469615541304,19781.469615541304,18471.594391624538
1299.5572271393107,19539.403818334085,19781.469615541304,20012.05564829311,20012.05564829311,18712.4984211538
1313.654647522817,19781.469615541304,20012.05564829311,20332.44886766016,20332.44886766016,19018.794220137344
1275.0872132186182,20012.05564829311,20332.44886766016,20530.147889010845,20530.147889010845,19255.060675792225
1363.8154062424846,20332.44886766016,20530.147889010845,20723.77451770408,20723.77451770408,19359.959111461598
1315.0970292266052,20530.147889010845,20723.77451770408,20916.439934307764,20916.439934307764,19601.342905081157
1362.039665597015,20723.77451770408,20916.439934307764,21136.821946465356,21136.821946465356,19774.78228086834
1365.054107067435,20916.439934307764,21136.821946465356,21398.220958517028,21398.220958517028,20033.166851449594
1399.4950218924344,21136.821946465356,21398.220958517028,21554.669729189478,21554.669729189478,20155.174707297043
1352.6611744209736,21398.220958517028,21554.669729189478,21812.977699654835,21812.977699654835,20460.316525233862
1420.4635409292393,21554.669729189478,21812.977699654835,22007.971575807296,22007.971575807296,20587.508034878058
1398.3273876356393,21812.977699654835,22007.971575807296,22207.254039942367,22207.254039942367,20808.926652306727
1426.4476363162612,22007.971575807296,22207.254039942367,22362.11493241958,22362.11493241958,20935.66729610332
1484.8163770466247,22207.254039942367,22362.11493241958,22539.122310954946,22539.122310954946,21054.305933908323
1416.300440829169,22362.11493241958,22539.122310954946,22696.292223881654,22696.292223881654,21279.991783052486
1505.5683215267557,22539.122310954946,22696.292223881654,22888.835997685528,22888.835997685528,21383.26767615877
1493.0716801202939,22696.292223881654,22888.835997685528,22994.161473577507,22994.161473577507,21501.089793457213
1493.9541132447957,22888.835997685528,22994.161473577507,23129.16097708981,23129.16097708981,21635.206863845015
1440.2937326463868,22994.161473577507,23129.16097708981,23317.876544373823,23317.876544373823,21877.582811727436
1538.4242135019292,23129.16097708981,23317.876544373823,23534.92752572829,23534.92752572829,21996.50331222636
1500.2878718474956,23317.876544373823,23534.92752572829,23693.803407043426,23693.803407043426,22193.51553519593
1532.0023005649548,23534.92752572829,23693.803407043426,23882.3362988354,23882.3362988354,22350.333998270442
1537.5390820241375,23693.803407043426,23882.3362988354,24141.96476063516,24141.96476063516,22604.425678611024
1561.315841043206,23882.3362988354,24141.96476063516,24429.474970001796,24429.474970001796,22868.159128958592
1557.9377667768892,24141.96476063516,24429.474970001796,24729.851570323408,24729.851570323408,23171.91380354652
1489.5129375060042,24429.474970001796,24729.851570323408,24886.889114221027,24886.889114221027,23397.37617671502
1595.140426941031,24729.851570323408,24886.889114221027,25117.925019353457,25117.925019353457,23522.784592412427
1583.4858514876942,24886.889114221027,25117.925019353457,25195.783726229343,25195.783726229343,23612.29787474165
1621.597914431859,25117.925019353457,25195.783726229343,25471.34453451053,25471.34453451053,23849.74662007867
1663.6491063890885,25195.783726229343,25471.34453451053,25618.413573472528,25618.413573472528,23954.764467083438
1678.9674542964071,25471.34453451053,25618.413573472528,25741.137919735338,25741.137919735338,24062.170465438932
1675.733354048164,25618.413573472528,25741.137919735338,25917.63486908234,25917.63486908234,24241.901515034177
1701.3817652185712,25741.137919735338,25917.63486908234,26148.45400518287,26148.45400518287,24447.0722399643
1692.5409861793996,25917.63486908234,26148.45400518287,26272.564627551976,26272.564627551976,24580.023641372576
1730.1833442869763,26148.45400518287,26272.564627551976,26431.71622555755,26431.71622555755,24701.532881270574
1725.757006845397,26272.564627551976,26431.71622555755,26542.64132080359,26542.64132080359,24816.88431395819
1734.1408082317296,26431.71622555755,26542.64132080359,26746.935136304444,26746.935136304444,25012.794328072716
1740.1146326553287,26542.64132080359,26746.935136304444,26902.188765850744,26902.188765850744,25162.074133195416
1740.5683670090034,26746.935136304444,26902.188765850744,27003.412790746053,27003.412790746053,25262.84442373705
1791.5533120105836,26902.188765850744,27003.412790746053,27193.405687135844,27193.405687135844,25401.85237512526
1740.5265757402951,27003.412790746053,27193.405687135844,27395.896196360063,27395.896196360063,25655.369620619767
1757.738524839838,27193.405687135844,27395.896196360063,27644.43645902238,27644.43645902238,25886.697934182543
1784.85473221895,27395.896196360063,27644.43645902238,27734.28901642117,27734.28901642117,25949.43428420222
1799.4578337847056,27644.43645902238,27734.28901642117,27908.341102534392,27908.341102534392,26108.883268749687
1816.4699591957803,27734.28901642117,27908.341102534392,28115.377106101718,28115.377106101718,26298.907146905938
1796.429915114333,27908.341102534392,28115.377106101718,28305.576798797327,28305.576798797327,26509.146883682995
1792.550224149359,28115.377106101718,28305.576798797327,28547.285680024717,28547.285680024717,26754.735455875358
1824.8020549369242,28305.576798797327,28547.285680024717,28838.911657313623,28838.911657313623,27014.1096023767
1767.4498098399977,28547.285680024717,28838.911657313623,29005.99424626072,29005.99424626072,27238.544436420725
1844.509795843783,28838.911657313623,29005.99424626072,29176.017292109056,29176.017292109056,27331.507496265272
1860.3821193688568,29005.99424626072,29176.017292109056,29300.267228278437,29300.267228278437,27439.88510890958
1830.1960577464308,29176.017292109056,29300.267228278437,29524.169075724058,29524.169075724058,27693.973017977627
1879.093853829942,29300.267228278437,29524.169075724058,29729.209538239073,29729.209538239073,27850.11568440913
1737.1539203208772,29524.169075724058,29729.209538239073,29866.423799419837,29866.423799419837,28129.26987909896
1874.6717804320383,29729.209538239073,29866.423799419837,30017.271612987966,30017.271612987966,28142.599832555927
1906.3574694754677,29866.423799419837,30017.271612987966,30141.85193365663,30141.85193365663,28235.494464181163
1818.7103792054122,30017.271612987966,30141.85193365663,30313.806854034665,30313.806854034665,28495.096474829254
1911.1670469182818,30141.85193365663,30313.806854034665,30474.60207548883,30474.60207548883,28563.435028570548
1917.1155114457715,30313.806854034665,30474.60207548883,30693.930376376367,30693.930376376367,28776.814864930595
1890.4323193523826,30474.60207548883,30693.930376376367,30884.93647503952,30884.93647503952,28994.50415568714
1876.521809994499,30693.930376376367,30884.93647503952,30935.722109284507,30935.722109284507,29059.20029929001
1987.7448427984048,30884.93647503952,30935.722109284507,31070.108902075644,31070.108902075644,29082.36405927724
1995.709554538847,30935.722109284507,31070.108902075644,31236.99372300695,31236.99372300695,29241.284168468104
2008.3423948009977,31070.108902075644,31236.99372300695,31360.591569610322,31360.591569610322,29352.249174809323
1981.507074675512,31236.99372300695,31360.591569610322,31518.88851398827,31518.88851398827,29537.381439312758
1963.7732884546726,31360.591569610322,31518.88851398827,31739.06082887568,31739.06082887568,29775.28754042101
2028.0682524280166,31518.88851398827,31739.06082887568,31915.684514757162,31915.684514757162,29887.616262329146
1959.3418259253388,31739.06082887568,31915.684514757162,32014.90971176947,32014.90971176947,30055.56788584413
2019.4029642099836,31915.684514757162,32014.90971176947,32187.032764501564,32187.032764501564,30167.62980029158
2023.9179663188668,32014.90971176947,32187.032764501564,32283.736182527562,32283.736182527562,30259.818216208696
2084.0783312011627,32187.032764501564,32283.736182527562,32424.71711071212,32424.71711071212,30340.63877951096
2012.9434371927148,32283.736182527562,32424.71711071212,32597.34694411131,32597.34694411131,30584.403506918592
2070.2281341429043,32424.71711071212,32597.34694411131,32680.47411161466,32680.47411161466,30610.245977471757
2088.9300250408132,32597.34694411131,32680.47411161466,33033.79399878569,33033.79399878569,30944.863973744876
2088.4252525370425,32680.47411161466,33033.79399878569,33233.678299738334,33233.678299738334,31145.25304720129
2113.4424729734665,33033.79399878569,33233.678299738334,33373.06961689333,33373.06961689333,31259.62714391986
2148.846811892567,33233.678299738334,33373.06961689333,33596.13364413052,33596.13364413052,31447.28683223795
2164.4312063441075,33373.06961689333,33596.13364413052,33655.87693634543,33655.87693634543,31491.44573000132
2167.198915364003,33596.13364413052,33655.87693634543,33765.842921366624,33765.842921366624,31598.64400600262
2213.58257396944,33655.87693634543,33765.842921366624,33918.4523597846,33918.4523597846,31704.869785815157
2194.7849764361977,33765.842921366624,33918.4523597846,34004.9584892282,34004.9584892282,31810.173512792004
2257.4343807074056,33918.4523597846,34004.9584892282,34163.395445572205,34163.395445572205,31905.9610648648
2285.8259806159263,34004.9584892282,34163.395445572205,34432.55892465305,34432.55892465305,32146.732944037125
2304.2820006095462,34163.395445572205,34432.55892465305,34635.58698242554,34635.58698242554,32331.304981815996
2256.673205333549,34432.55892465305,34635.58698242554,34730.97255312245,34730.97255312245,32474.299347788896
2329.928569745297,34635.58698242554,34730.97255312245,34875.904582250354,34875.904582250354,32545.976012505056
2320.6462408357997,34730.97255312245,34875.904582250354,35047.823195225734,35047.823195225734,32727.176954389935
2333.4943916091925,34875.904582250354,35047.823195225734,35204.83699518872,35204.83699518872,32871.34260357953
2367.898229122721,35047.823195225734,35204.83699518872,35380.53595539209,35380.53595539209,33012.63772626937
2369.4325404001474,35204.83699518872,35380.53595539209,35592.11504447485,35592.11504447485,33222.6825040747
2404.561013332176,35380.53595539209,35592.11504447485,35666.14289188222,35666.14289188222,33261.581878550045
2403.101842873898,35592.11504447485,35666.14289188222,35819.700637794784,35819.700637794784,33416.59879492089
2416.108204165629,35666.14289188222,35819.700637794784,35944.49365637185,35944.49365637185,33528.385452206225
2411.8591091964136,35819.700637794784,35944.49365637185,36080.14447704761,36080.14447704761,33668.2853678512
2436.4840769086386,35944.49365637185,36080.14447704761,36243.79612224004,36243.79612224004,33807.312045331404
2460.026556574658,36080.14447704761,36243.79612224004,36360.22036775782,36360.22036775782,33900.19381118316
2455.881586695822,36243.79612224004,36360.22036775782,36546.39933541295,36546.39933541295,34090.517748717124
2453.153980097349,36360.22036775782,36546.39933541295,36804.486768075614,36804.486768075614,34351.33278797827
2499.662279897223,36546.39933541295,36804.486768075614,36908.10240240189,36908.10240240189,34408.44012250467
2469.187034927236,36804.486768075614,36908.10240240189,37040.86872402533,37040.86872402533,34571.68168909809
2499.1871799745554,36908.10240240189,37040.86872402533,37213.10264092191,37213.10264092191,34713.915460947355
2516.8823742749414,37040.86872402533,37213.10264092191,37426.62768815228,37426.62768815228,34909.745313877334
2525.662840587933,37213.10264092191,37426.62768815228,37521.13329112603,37521.13329112603,34995.4704505381
2561.0198438789575,37426.62768815228,37521.13329112603,37657.07503151591,37657.07503151591,35096.05518763695
2590.318001039563,37521.13329112603,37657.07503151591,37803.97422743141,37803.97422743141,35213.656226391846
2585.505389566133,37657.07503151591,37803.97422743141,37992.78686655323,37992.78686655323,35407.2814769871
2558.3258825645817,37803.97422743141,37992.78686655323,38232.391146451744,38232.391146451744,35674.06526388716
2606.3395204433905,37992.78686655323,38232.391146451744,38366.77584057048,38366.77584057048,35760.43632012709
2605.296643194963,38232.391146451744,38366.77584057048,38593.42156521285,38593.42156521285,35988.12492201789
2598.2181653483135,38366.77584057048,38593.42156521285,38716.83351748521,38716.83351748521,36118.6153521369
2655.24561885529,38593.42156521285,38716.83351748521,38898.291944560886,38898.291944560886,36243.046325705596
2617.939415499432,38716.83351748521,38898.291944560886,39019.248813241014,39019.248813241014,36401.309397741585
2642.123757462769,38898.291944560886,39019.248813241014,39412.88703813909,39412.88703813909,36770.76328067632
2677.1592220818434,39019.248813241014,39412.88703813909,39477.61258145721,39477.61258145721,36800.453359375366
2649.7591614187577,39412.88703813909,39477.61258145721,39571.63635286065,39571.63635286065,36921.8771914419
2721.61205016757,39477.61258145721,39571.63635286065,39689.1811171838,39689.1811171838,36967.56906701623
2737.007441385486,39571.63635286065,39689.1811171838,39780.10902637647,39780.10902637647,37043.10158499098
2755.655963513498,39689.1811171838,39780.10902637647,39969.85540379882,39969.85540379882,37214.19944028532
2757.443902449712,39780.10902637647,39969.85540379882,40127.763773863255,40127.763773863255,37370.31987141354
2724.725560965748,39969.85540379882,40127.763773863255,40316.112735892435,40316.112735892435,37591.387174926684
2756.748448459936,40127.763773863255,40316.112735892435,40464.92718074356,40464.92718074356,37708.178732283624
2678.5599759535903,40316.112735892435,40464.92718074356,40651.155533068915,40651.155533068915,37972.595557115324
2744.548269250747,40464.92718074356,40651.155533068915,40846.35800694881,40846.35800694881,38101.80973769806
2779.2833422276813,40651.155533068915,40846.35800694881,40976.10866292763,40976.10866292763,38196.82532069995
2783.0008348168776,40846.35800694881,40976.10866292763,41075.62626763607,41075.62626763607,38292.62543281919
2758.2568736918274,40976.10866292763,41075.62626763607,41296.56406188918,41296.56406188918,38538.30718819735
2785.3966688184573,41075.62626763607,41296.56406188918,41539.09201903226,41539.09201903226,38753.6953502138
2749.5803231590758,41296.56406188918,41539.09201903226,41656.325866540916,41656.325866540916,38906.74554338184
2791.8924387026104,41539.09201903226,41656.325866540916,41890.14287213126,41890.14287213126,39098.25043342865
2801.5354378973802,41656.325866540916,41890.14287213126,42039.07641611475,42039.07641611475,39237.540978217374
2820.8320794079773,41890.14287213126,42039.07641611475,42130.68935718659,42130.68935718659,39309.85727777861
2845.227554530432,42039.07641611475,42130.68935718659,42287.19969435866,42287.19969435866,39441.97213982823
2832.1345577922566,42130.68935718659,42287.19969435866,42504.79481855828,42504.79481855828,39672.660260766024
2835.7325058551314,42287.19969435866,42504.79481855828,42798.429693889855,42798.429693889855,39962.69718803473
2779.3306881444737,42504.79481855828,42798.429693889855,43054.34184783006,43054.34184783006,40275.011159685586
2828.653980949486,42798.429693889855,43054.34184783006,43257.333950579785,43257.333950579785,40428.6799696303
2848.736906735169,43054.34184783006,43257.333950579785,43482.54268779731,43482.54268779731,40633.80578106214
2815.499746769728,43257.333950579785,43482.54268779731,43638.63457582088,43638.63457582088,40823.13482905115
2816.919472356008,43482.54268779731,43638.63457582088,43862.620372196005,43862.620372196005,41045.70089984
2743.075006053913,43638.63457582088,43862.620372196005,44028.82881129111,44028.82881129111,41285.7538052372
2885.7505560912086,43862.620372196005,44028.82881129111,44275.470670471135,44275.470670471135,41389.720114379925
2837.6778841395812,44028.82881129111,44275.470670471135,44412.896272121536,44412.896272121536,41575.21838798196
2904.9389949583883,44275.470670471135,44412.896272121536,44596.518389517645,44596.518389517645,41691.57939455926
2853.1236895792895,44412.896272121536,44596.518389517645,44858.37637369699,44858.37637369699,42005.2526841177
2914.5794453233725,44596.518389517645,44858.37637369699,44969.17588699071,44969.17588699071,42054.59644166734
2893.3775960313287,44858.37637369699,44969.17588699071,45193.06550110465,45193.06550110465,42299.68790507332
2942.994242546397,44969.17588699071,45193.06550110465,45393.216148485706,45393.216148485706,42450.22190593931
2957.1345945944227,45193.06550110465,45393.216148485706,45515.70639165283,45515.70639165283,42558.57179705841
2910.502771968442,45393.216148485706,45515.70639165283,45718.67095821267,45718.67095821267,42808.16818624423
2897.2970581079867,45515.70639165283,45718.67095821267,45965.56631323025,45965.56631323025,43068.269255122264
2956.7667351161904,45718.67095821267,45965.56631323025,46064.8478654142,46064.8478654142,43108.081130298015
2989.5585621728433,45965.56631323025,46064.8478654142,46306.60136816329,46306.60136816329,43317.042805990444
2999.446896074383,46064.8478654142,46306.60136816329,46492.04879730606,46492.04879730606,43492.601901231676
2961.8161779757816,46306.60136816329,46492.04879730606,46729.26396682852,46729.26396682852,43767.44778885274
3016.7020834759123,46492.04879730606,46729.26396682852,46882.97601701536,46882.97601701536,43866.27393353945
3022.6705142976407,46729.26396682852,46882.97601701536,46930.2442058127,46930.2442058127,43907.573691515056
3031.678434083016,46882.97601701536,46930.2442058127,47116.27711120801,47116.27711120801,44084.598677124995
3041.70020468317,46930.2442058127,47116.27711120801,47226.30810358351,47226.30810358351,44184.60789890034
3039.0950471628175,47116.27711120801,47226.30810358351,47463.87225210916,47463.87225210916,44424.777204946346
3073.839345429914,47226.30810358351,47463.87225210916,47690.11878758164,47690.11878758164,44616.279442151725
2991.1409612806037,47463.87225210916,47690.11878758164,47891.00667276211,47891.00667276211,44899.86571148151
3043.655540579502,47690.11878758164,47891.00667276211,48045.62230452277,48045.62230452277,45001.96676394327
3097.0065982717824,47891.00667276211,48045.62230452277,48185.697123824335,48185.697123824335,45088.69052555255
3072.033949392242,48045.62230452277,48185.697123824335,48338.46786112131,48338.46786112131,45266.433911729066
3081.6933936229034,48185.697123824335,48338.46786112131,48501.42147346641,48501.42147346641,45419.72807984351
3111.5407604611682,48338.46786112131,48501.42147346641,48630.4489076824,48630.4489076824,45518.908147221235
3120.558380181978,48501.42147346641,48630.4489076824,48780.87496194985,48780.87496194985,45660.31658176787
3130.861540016315,48630.4489076824,48780.87496194985,48954.811836976485,48954.811836976485,45823.95029696017
2926.9291377389004,48780.87496194985,48954.811836976485,49113.9159354703,49113.9159354703,46186.9867977314
3122.922705123191,48954.811836976485,49113.9159354703,49213.80161854526,49213.80161854526,46090.878913422064
3153.8242360660147,49113.9159354703,49213.80161854526,49385.6414963031,49385.6414963031,46231.81726023708
3102.9036421277947,49213.80161854526,49385.6414963031,49493.58110822341,49493.58110822341,46390.677466095614
3181.4525974657263,49385.6414963031,49493.58110822341,49702.7173739166,49702.7173739166,46521.26477645087
3179.51396415754,49493.58110822341,49702.7173739166,49980.37840251541,49980.37840251541,46800.86443835787
3216.6021187693464,49702.7173739166,49980.37840251541,50064.277035414154,50064.277035414154,46847.674916644806
3209.9052384264473,49980.37840251541,50064.277035414154,50159.93255018625,50159.93255018625,46950.0273117598
3231.6781949310066,50064.277035414154,50159.93255018625,50296.02775642132,50296.02775642132,47064.34956149031
3241.904907916817,50159.93255018625,50296.02775642132,50584.91721546872,50584.91721546872,47343.0123075519
3243.999121640528,50296.02775642132,50584.91721546872,50805.41337897087,50805.41337897087,47561.41425733035
3200.9855811522348,50584.91721546872,50805.41337897087,51033.19606109429,51033.19606109429,47832.210479942056
3342.917544151816,50805.41337897087,51033.19606109429,51244.78030205951,51244.78030205951,47901.86275790769
3356.0956935458144,51033.19606109429,51244.78030205951,51325.63110049967,51325.63110049967,47969.53540695385
3388.7406711546373,51244.78030205951,51325.63110049967,51593.11604909824,51593.11604909824,48204.3753779436
3392.0451847395307,51325.63110049967,51593.11604909824,51718.53224296217,51718.53224296217,48326.487058222636
3411.1375816294776,51593.11604909824,51718.53224296217,51751.95857354642,51751.95857354642,48340.820991916946
3459.7573084314986,51718.53224296217,51751.95857354642,51997.77353568007,51997.77353568007,48538.01622724857
3415.4007371841426,51751.95857354642,51997.77353568007,52206.02421657489,52206.02421657489,48790.62347939075
3521.324186646279,51997.77353568007,52206.02421657489,52339.12567900805,52339.12567900805,48817.801492361774
3538.7530259295195,52206.02421657489,52339.12567900805,52511.867335695024,52511.867335695024,48973.11430976551
3555.0282896359445,52339.12567900805,52511.867335695024,52711.6512205491,52711.6512205491,49156.62293091316
3528.1104722989785,52511.867335695024,52711.6512205491,52991.67445665403,52991.67445665403,49463.56398435505
3535.771047581856,52711.6512205491,52991.67445665403,53263.39138636653,53263.39138636653,49727.620338784676
3545.8362148045294,52991.67445665403,53263.39138636653,53425.41598651869,53425.41598651869,49879.57977171416
3558.3929645718076,53263.39138636653,53425.41598651869,53566.2690800882,53566.2690800882,50007.87611551639
3539.781412045652,53425.41598651869,53566.2690800882,53813.812263066495,53813.812263066495,50274.03085102084
3530.5224522729236,53566.2690800882,53813.812263066495,53992.842027556406,53992.842027556406,50462.31957528348
3620.434098777617,53813.812263066495,53992.842027556406,54174.25574627881,54174.25574627881,50553.821647501194
3616.350568540949,53992.842027556406,54174.25574627881,54362.16798080955,54362.16798080955,50745.8174122686
3563.5669487380646,54174.25574627881,54362.16798080955,54565.14977057018,54565.14977057018,51001.58282183211
3661.5628672461153,54362.16798080955,54565.14977057018,54670.35452493774,54670.35452493774,51008.791657691625
3647.7069782467083,54565.14977057018,54670.35452493774,54816.27899463276,54816.27899463276,51168.57201638605
3532.933419278045,54670.35452493774,54816.27899463276,54971.158078049004,54971.158078049004,51438.22465877096
3664.0585434464315,54816.27899463276,54971.158078049004,55179.48574189216,55179.48574189216,51515.42719844573
3664.854291930546,54971.158078049004,55179.48574189216,55367.256740474186,55367.256740474186,51702.40244854364
3662.283167270783,55179.48574189216,55367.256740474186,55552.261840731495,55552.261840731495,51889.97867346071
3585.2570852358813,55367.256740474186,55552.261840731495,55742.28637539278,55742.28637539278,52157.0292901569
3707.579803266209,55552.261840731495,55742.28637539278,55943.455015169806,55943.455015169806,52235.8752119036
3644.592000254816,55742.28637539278,55943.455015169806,56071.94446375983,56071.94446375983,52427.35246350501
3715.7825431062333,55943.455015169806,56071.94446375983,56190.99149916565,56190.99149916565,52475.20895605942
3742.922077748776,56071.94446375983,56190.99149916565,56427.46099250554,56427.46099250554,52684.53891475676
3751.5845151345534,56190.99149916565,56427.46099250554,56586.786673438015,56586.786673438015,52835.20215830346
3729.9154413414058,56427.46099250554,56586.786673438015,56646.829493048004,56646.829493048004,52916.9140517066
3809.4494068128724,56586.786673438015,56646.829493048004,56764.747152680655,56764.747152680655,52955.297745867785
3830.334808515972,56646.829493048004,56764.747152680655,56905.52942776574,56905.52942776574,53075.19461924976
3842.9542471666077,56764.747152680655,56905.52942776574,57149.110423617516,57149.110423617516,53306.15617645091
3858.0398534717547,56905.52942776574,57149.110423617516,57342.5282024628,57342.5282024628,53484.48834899105
3857.2819109082125,57149.110423617516,57342.5282024628,57586.38384213802,57586.38384213802,53729.10193122981
3870.365253573253,57342.5282024628,57586.38384213802,57763.69334867788,57763.69334867788,53893.328095104625
3880.5323498285234,57586.38384213802,57763.69334867788,57982.72421849045,57982.72421849045,54102.19186866193
3870.415787933719,57763.69334867788,57982.72421849045,58116.30056386154,58116.30056386154,54245.88477592782
3891.460960507392,57982.72421849045,58116.30056386154,58277.28989845379,58277.28989845379,54385.8289379464
3876.1660400122914,58116.30056386154,58277.28989845379,58522.104010801304,58522.104010801304,54645.93797078901
3928.775615966064,58277.28989845379,58522.104010801304,58644.25201517726,58644.25201517726,54715.4763992112
3976.7844618995605,58522.104010801304,58644.25201517726,58807.987362136315,58807.987362136315,54831.202900236756
3950.6525431609534,58644.25201517726,58807.987362136315,59003.231490857754,59003.231490857754,55052.5789476968
4026.5263920014368,58807.987362136315,59003.231490857754,59157.58259949943,59157.58259949943,55131.056207498
3963.4574662140667,59003.231490857754,59157.58259949943,59157.58259949943,59157.58259949943,55194.125133285364
4040.6099008169554,59157.58259949943,59157.58259949943,59440.013005048015,59440.013005048015,55399.40310423106
4041.869588487519,59157.58259949943,59440.013005048015,59622.36152916543,59622.36152916543,55580.49194067791
4010.7603922203884,59440.013005048015,59622.36152916543,59779.49869903076,59779.49869903076,55768.73830681037
4051.495821738982,59622.36152916543,59779.49869903076,59989.63388545944,59989.63388545944,55938.138063720464
4076.7611475422623,59779.49869903076,59989.63388545944,60164.04616008664,60164.04616008664,56087.28501254438
4076.267007799332,59989.63388545944,60164.04616008664,60402.887062082285,60402.887062082285,56326.620054282954
4085.214980518644,60164.04616008664,60402.887062082285,60539.33264674523,60539.33264674523,56454.117666226586
4085.016020647927,60402.887062082285,60539.33264674523,60832.6129723509,60832.6129723509,56747.59695170297
4140.769528835955,60539.33264674523,60832.6129723509,61130.911378916375,61130.911378916375,56990.14185008042
4102.125473872279,60832.6129723509,61130.911378916375,61290.66340945598,61290.66340945598,57188.5379355837
4142.796138732538,61130.911378916375,61290.66340945598,61499.82888274919,61499.82888274919,57357.03274401666
4135.915321180799,61290.66340945598,61499.82888274919,61682.88021122187,61682.88021122187,57546.96489004107
4096.281097299747,61499.82888274919,61682.88021122187,61822.7970697668,61822.7970697668,57726.51597246705
4154.348670253881,61682.88021122187,61822.7970697668,62071.808752290366,62071.808752290366,57917.46008203649
4099.95071095083,61822.7970697668,62071.808752290366,62197.64866996596,62197.64866996596,58097.69795901513
4148.915482257686,62071.808752290366,62197.64866996596,62351.85226010759,62351.85226010759,58202.9367778499
4163.5697497855745,62197.64866996596,62351.85226010759,62575.184812747655,62575.184812747655,58411.61506296208
4196.873471685369,62351.85226010759,62575.184812747655,62714.1890082142,62714.1890082142,58517.315536528826
4178.141822925868,62575.184812747655,62714.1890082142,62869.94620113511,62869.94620113511,58691.80437820924
4144.558164033322,62714.1890082142,62869.94620113511,63064.74037101664,63064.74037101664,58920.182206983314
4201.80252878987,62869.94620113511,63064.74037101664,63266.24122908182,63266.24122908182,59064.43870029195
4233.214231817776,63064.74037101664,63266.24122908182,63407.410014580506,63407.410014580506,59174.195782762734
4198.443706233518,63266.24122908182,63407.410014580506,63535.31515041104,63535.31515041104,59336.87144417752
4214.317911595725,63407.410014580506,63535.31515041104,63676.77381844773,63676.77381844773,59462.455906852
4256.885685636961,63535.31515041104,63676.77381844773,63818.356392813956,63818.356392813956,59561.470707176995
4276.530974081799,63676.77381844773,63818.356392813956,64048.07854143799,64048.07854143799,59771.547567356196
4277.637831272116,63818.356392813956,64048.07854143799,64240.92015743229,64240.92015743229,59963.28232616017
4294.758399223851,64048.07854143799,64240.92015743229,64303.97019430497,64303.97019430497,60009.21179508112
4296.471120973877,64240.92015743229,64303.97019430497,64551.14644373881,64551.14644373881,60254.67532276494
4315.597997901171,64303.97019430497,64551.14644373881,64782.74013407927,64782.74013407927,60467.1421361781
4298.795007317352,64551.14644373881,64782.74013407927,64894.54230534589,64894.54230534589,60595.74729802854
4298.196942365338,64782.74013407927,64894.54230534589,64927.06821564645,64927.06821564645,60628.87127328112
4316.198255734624,64894.54230534589,64927.06821564645,65136.28381299751,65136.28381299751,60820.08555726289
4324.380407625357,64927.06821564645,65136.28381299751,65257.647245846165,65257.647245846165,60933.26683822081
4355.466524407549,65136.28381299751,65257.647245846165,65532.629982812156,65532.629982812156,61177.163458404604
4318.378887101027,65257.647245846165,65532.629982812156,65599.49899473377,65599.49899473377,61281.12010763275
4352.1244817798015,65532.629982812156,65599.49899473377,65722.14561359279,65722.14561359279,61370.02113181299
4335.649675493965,65599.49899473377,65722.14561359279,65836.0135917719,65836.0135917719,61500.36391627794
4407.22236574076,65722.14561359279,65836.0135917719,66015.30824424223,66015.30824424223,61608.08587850147
4417.678884460386,65836.0135917719,66015.30824424223,66229.84878829677,66229.84878829677,61812.16990383639
4360.42874658259,66015.30824424223,66229.84878829677,66337.63306290007,66337.63306290007,61977.20431631748
4364.13926827108,66229.84878829677,66337.63306290007,66555.67131112335,66555.67131112335,62191.532042852275
4427.723318898959,66337.63306290007,66555.67131112335,66659.35541017736,66659.35541017736,62231.6320912784
4445.793243628356,66555.67131112335,66659.35541017736,66809.37554402273,66809.37554402273,62363.582300394366
4431.898635764222,66659.35541017736,66809.37554402273,66894.99701328947,66894.99701328947,62463.098377525246
4451.450991873812,66809.37554402273,66894.99701328947,67133.5476869485,67133.5476869485,62682.09669507469
4427.9430854260545,66894.99701328947,67133.5476869485,67248.60613881715,67248.60613881715,62820.663053391094
4491.218349988011,67133.5476869485,67248.60613881715,67400.16962002176,67400.16962002176,62908.951270033744
4515.174267613731,67248.60613881715,67400.16962002176,67651.3322043823,67651.3322043823,63136.15793676857
4547.239782545529,67400.16962002176,67651.3322043823,67874.59289017454,67874.59289017454,63327.35310762901
4529.892011082705,67651.3322043823,67874.59289017454,68015.51217922698,68015.51217922698,63485.620168144276
4569.1425137868,67874.59289017454,68015.51217922698,68157.76949747087,68157.76949747087,63588.62698368407
4567.19421816888,68015.51217922698,68157.76949747087,68345.71334821131,68345.71334821131,63778.519130042434
4562.501228282912,68157.76949747087,68345.71334821131,68679.24947807268,68679.24947807268,64116.74824978977
4558.79975055454,68345.71334821131,68679.24947807268,68835.64761042377,68835.64761042377,64276.84785986922
4602.169002023457,68679.24947807268,68835.64761042377,69016.3122135766,69016.3122135766,64414.14321155314
4636.186250973168,68835.64761042377,69016.3122135766,69154.51222842517,69154.51222842517,64518.325977452005
4587.589025815688,69016.3122135766,69154.51222842517,69230.01341362024,69230.01341362024,64642.42438780455
4643.513807859642,69154.51222842517,69230.01341362024,69528.22810990925,69528.22810990925,64884.71430204961
4652.320857463127,69230.01341362024,69528.22810990925,69780.42054893276,69780.42054893276,65128.09969146963
4665.886162089358,69528.22810990925,69780.42054893276,69934.02768799773,69934.02768799773,65268.14152590837
4595.3026203885165,69780.42054893276,69934.02768799773,70029.75720992043,70029.75720992043,65434.45458953191
4592.922063293969,69934.02768799773,70029.75720992043,70184.17182389897,70184.17182389897,65591.249760605
4538.278582421815,70029.75720992043,70184.17182389897,70374.62479717258,70374.62479717258,65836.34621475077
4673.877686592354,70184.17182389897,70374.62479717258,70511.38033633023,70511.38033633023,65837.50264973787
4675.80368311197,70374.62479717258,70511.38033633023,70622.5815782426,70622.5815782426,65946.77789513064
4639.020422509067,70511.38033633023,70622.5815782426,70848.93871263874,70848.93871263874,66209.91829012967
4693.00334176534,70622.5815782426,70848.93871263874,70992.86871768752,70992.86871768752,66299.86537592218
4685.462345856491,70848.93871263874,70992.86871768752,71202.80034614084,71202.80034614084,66517.33800028435
4698.408148416526,70992.86871768752,71202.80034614084,71435.57739642255,71435.57739642255,66737.16924800603
4683.353615641562,71202.80034614084,71435.57739642255,71540.66615361747,71540.66615361747,66857.3125379759
4654.892262159791,71435.57739642255,71540.66615361747,71668.56000358834,71668.56000358834,67013.66774142855
4682.7606991632165,71540.66615361747,71668.56000358834,71774.19619262453,71774.19619262453,67091.43549346131
4697.490706626339,71668.56000358834,71774.19619262453,71958.39058039592,71958.39058039592,67260.89987376958
4598.411698085602,71774.19619262453,71958.39058039592,72176.04210854597,72176.04210854597,67577.63041046036
4689.846121563761,71958.39058039592,72176.04210854597,72377.58794561429,72377.58794561429,67687.74182405052
4768.412180808926,72176.04210854597,72377.58794561429,72616.15543488465,72616.15543488465,67847.74325407573
4763.557652249252,72377.58794561429,72616.15543488465,72879.4383613484,72879.4383613484,68115.88070909915
4821.521090010918,72616.15543488465,72879.4383613484,73035.98291537676,73035.98291537676,68214.46182536584
4822.281183145398,72879.4383613484,73035.98291537676,73189.39161071154,73189.39161071154,68367.11042756613
4834.600834375794,73035.98291537676,73189.39161071154,73420.24665638548,73420.24665638548,68585.64582200968
4804.81309944196,73189.39161071154,73420.24665638548,73680.89427663572,73680.89427663572,68876.08117719376
4867.143979014334,73420.24665638548,73680.89427663572,73843.3393767505,73843.3393767505,68976.19539773617
4886.351924655839,73680.89427663572,73843.3393767505,73993.11291574549,73993.11291574549,69106.76099108964
4904.615580976004,73843.3393767505,73993.11291574549,74116.83766354364,74116.83766354364,69212.22208256763
4913.582093955206,73993.11291574549,74116.83766354364,74358.21658276403,74358.21658276403,69444.63448880882
4889.646857151034,74116.83766354364,74358.21658276403,74554.68252152776,74554.68252152776,69665.03566437673
4944.338471794862,74358.21658276403,74554.68252152776,74663.99528968346,74663.99528968346,69719.6568178886
4934.5896135691855,74554.68252152776,74663.99528968346,74910.02673680588,74910.02673680588,69975.4371232367
4954.221650513029,74663.99528968346,74910.02673680588,75176.35867053665,75176.35867053665,70222.13702002361
4978.788181167991,74910.02673680588,75176.35867053665,75295.53826799354,75295.53826799354,70316.75008682554
4993.94525525597,75176.35867053665,75295.53826799354,75577.63141703284,75577.63141703284,70583.68616177687
4994.607279214653,75295.53826799354,75577.63141703284,75862.17316290282,75862.17316290282,70867.56588368816
5015.493103757923,75577.63141703284,75862.17316290282,75996.11552374614,75996.11552374614,70980.62241998821
4937.532790923519,75862.17316290282,75996.11552374614,76134.00515152264,76134.00515152264,71196.47236059912
4999.854168525784,75996.11552374614,76134.00515152264,76315.2274869629,76315.2274869629,71315.37331843712
4951.943811808144,76134.00515152264,76315.2274869629,76527.0185668996,76527.0185668996,71575.07475509145
5066.556781263538,76315.2274869629,76527.0185668996,76722.30956137872,76722.30956137872,71655.75278011517
5120.665835057993,76527.0185668996,76722.30956137872,76887.68905863917,76887.68905863917,71767.02322358117
5115.922508281496,76722.30956137872,76887.68905863917,77030.3878240226,77030.3878240226,71914.46531574111
4983.00808913708,76887.68905863917,77030.3878240226,77294.25623716394,77294.25623716394,72311.24814802686
5150.840435760322,77030.3878240226,77294.25623716394,77394.45709273334,77394.45709273334,72243.61665697301
5179.936279963175,77294.25623716394,77394.45709273334,77593.30615857894,77593.30615857894,72413.36987861576
5198.04725214818,77394.45709273334,77593.30615857894,77752.72082112677,77752.72082112677,72554.67356897859
5194.062438023249,77593.30615857894,77752.72082112677,77904.68111888898,77904.68111888898,72710.61868086574
5182.623059988071,77752.72082112677,77904.68111888898,78011.5488860421,78011.5488860421,72828.92582605404
5220.225270710696,77904.68111888898,78011.5488860421,78227.5276540511,78227.5276540511,73007.3023833404
5213.741002787409,78011.5488860421,78227.5276540511,78535.17600209809,78535.17600209809,73321.43499931067
5249.41933606034,78227.5276540511,78535.17600209809,78657.17659561604,78657.17659561604,73407.7572595557
5254.2001350744495,78535.17600209809,78657.17659561604,78830.48019049794,78830.48019049794,73576.28005542349
5240.621484989828,78657.17659561604,78830.48019049794,79017.03621887673,79017.03621887673,73776.41473388691
5273.014378819142,78830.48019049794,79017.03621887673,79219.42049605677,79219.42049605677,73946.40611723764
5229.623727432554,79017.03621887673,79219.42049605677,79431.55841963511,79431.55841963511,74201.93469220256
5308.557811376013,79219.42049605677,79431.55841963511,79627.44545328521,79627.44545328521,74318.8876419092
5290.0685570689575,79431.55841963511,79627.44545328521,79832.85971319187,79832.85971319187,74542.79115612291
5273.078373904244,79627.44545328521,79832.85971319187,79967.98979479258,79967.98979479258,74694.91142088834
5290.748131239892,79832.85971319187,79967.98979479258,80153.71343888015,80153.71343888015,74862.96530764026
5338.00306484442,79967.98979479258,80153.71343888015,80298.29722028192,80298.29722028192,74960.2941554375
5352.025227951856,80153.71343888015,80298.29722028192,80412.91473811532,80412.91473811532,75060.88951016346
5347.706952704098,80298.29722028192,80412.91473811532,80579.47530079682,80579.47530079682,75231.76834809272
5345.913753897611,80412.91473811532,80579.47530079682,80807.56399789681,80807.56399789681,75461.6502439992
5321.768922425042,80579.47530079682,80807.56399789681,80944.41556166751,80944.41556166751,75622.64663924248
5320.998191545989,80807.56399789681,80944.41556166751,81152.36487070702,81152.36487070702,75831.36667916103
5353.523992182776,80944.41556166751,81152.36487070702,81338.1018763943,81338.1018763943,75984.57788421153
5413.220183469829,81152.36487070702,81338.1018763943,81539.02179932149,81539.02179932149,76125.80161585165
5414.333857004165,81338.1018763943,81539.02179932149,81678.39265367451,81678.39265367451,76264.05879667035
5395.9207233400975,81539.02179932149,81678.39265367451,81743.74026235244,81743.74026235244,76347.81953901234
5431.199929558138,81678.39265367451,81743.74026235244,82037.1764541805,82037.1764541805,76605.97652462237
5470.593312509847,81743.74026235244,82037.1764541805,82206.81439734559,82206.81439734559,76736.22108483574
5475.315625918874,82037.1764541805,82206.81439734559,82415.18753170334,82415.18753170334,76939.87190578447
5369.741355591876,82206.81439734559,82415.18753170334,82605.54187665413,82605.54187665413,77235.80052106225
5463.374387299472,82415.18753170334,82605.54187665413,82759.192495732,82759.192495732,77295.81810843253
5514.723122896751,82605.54187665413,82759.192495732,82935.62785204047,82935.62785204047,77420.90472914372
5465.098670795875,82759.192495732,82935.62785204047,83116.73505868188,83116.73505868188,77651.636387886
5490.10034943901,82935.62785204047,83116.73505868188,83409.26478550301,83409.26478550301,77919.16443606399
5533.241762331201,83116.73505868188,83409.26478550301,83605.60483788552,83605.60483788552,78072.36307555431
5519.847760713671,83409.26478550301,83605.60483788552,83828.45087818574,83828.45087818574,78308.60311747207
5576.269732149913,83605.60483788552,83828.45087818574,84052.65774964177,84052.65774964177,78476.38801749186
5548.281374207827,83828.45087818574,84052.65774964177,84201.51518405916,84201.51518405916,78653.23380985133
5525.922964026954,84052.65774964177,84201.51518405916,84302.51195882144,84302.51195882144,78776.5889947945
5607.626858532537,84201.51518405916,84302.51195882144,84541.25796891395,84541.25796891395,78933.63111038142
5606.4908936590045,84302.51195882144,84541.25796891395,84667.90494817433,84667.90494817433,79061.41405451532
5622.827420108116,84541.25796891395,84667.90494817433,84911.96365674683,84911.96365674683,79289.1362366387
5623.965115574924,84667.90494817433,84911.96365674683,85135.36599553935,85135.36599553935,79511.40087996442
5648.727744550021,84911.96365674683,85135.36599553935,85264.6947771052,85264.6947771052,79615.96703255517
5587.756484138527,85135.36599553935,85264.6947771052,85431.86848958042,85431.86848958042,79844.11200544189
5667.483650293229,85264.6947771052,85431.86848958042,85565.90500633686,85565.90500633686,79898.42135604363
5673.374357516521,85431.86848958042,85565.90500633686,85708.35244982898,85708.35244982898,80034.97809231246
5697.332625875389,85565.90500633686,85708.35244982898,86024.7642802264,86024.7642802264,80327.431654351
5697.895557803459,85708.35244982898,86024.7642802264,86221.41189894683,86221.41189894683,80523.51634114336
5742.7615664065315,86024.7642802264,86221.41189894683,86344.47058199602,86344.47058199602,80601.70901558948
